-- phpMyAdmin SQL Dump
-- version 5.2.1
-- https://www.phpmyadmin.net/
--
-- Servidor: 127.0.0.1
-- Tiempo de generación: 17-05-2023 a las 09:06:54
-- Versión del servidor: 10.4.28-MariaDB
-- Versión de PHP: 8.0.28

SET SQL_MODE = "NO_AUTO_VALUE_ON_ZERO";
START TRANSACTION;
SET time_zone = "+00:00";


/*!40101 SET @OLD_CHARACTER_SET_CLIENT=@@CHARACTER_SET_CLIENT */;
/*!40101 SET @OLD_CHARACTER_SET_RESULTS=@@CHARACTER_SET_RESULTS */;
/*!40101 SET @OLD_COLLATION_CONNECTION=@@COLLATION_CONNECTION */;
/*!40101 SET NAMES utf8mb4 */;

--
-- Base de datos: `tienda_david_aparicio`
--

-- --------------------------------------------------------

--
-- Estructura de tabla para la tabla `categoria`
--

CREATE TABLE `categoria` (
  `id` int(11) NOT NULL,
  `nombre` varchar(255) DEFAULT NULL,
  `baja` bit(1) NOT NULL
) ENGINE=InnoDB DEFAULT CHARSET=utf8mb4 COLLATE=utf8mb4_general_ci;

--
-- Volcado de datos para la tabla `categoria`
--

INSERT INTO `categoria` (`id`, `nombre`, `baja`) VALUES
(1, 'categoria1', b'0'),
(2, 'categoria2', b'0'),
(3, 'categoria3', b'0'),
(4, 'categoria4', b'0');

-- --------------------------------------------------------

--
-- Estructura de tabla para la tabla `configuracion`
--

CREATE TABLE `configuracion` (
  `nombre` varchar(255) NOT NULL,
  `cif` varchar(255) NOT NULL,
  `direccion` varchar(255) NOT NULL,
  `factura_id` int(11) DEFAULT NULL
) ENGINE=InnoDB DEFAULT CHARSET=utf8mb4 COLLATE=utf8mb4_general_ci;

--
-- Volcado de datos para la tabla `configuracion`
--

INSERT INTO `configuracion` (`nombre`, `cif`, `direccion`, `factura_id`) VALUES
('David Aparicio Sir', 'B05200241', 'C/ Abajo S/N 49327 Cubo de Benavente(Zamora)', 5);

-- --------------------------------------------------------

--
-- Estructura de tabla para la tabla `consulta`
--

CREATE TABLE `consulta` (
  `id` int(11) NOT NULL,
  `consulta` varchar(255) DEFAULT NULL,
  `email` varchar(255) DEFAULT NULL,
  `titulo` varchar(255) DEFAULT NULL
) ENGINE=InnoDB DEFAULT CHARSET=utf8mb4 COLLATE=utf8mb4_general_ci;

--
-- Volcado de datos para la tabla `consulta`
--

INSERT INTO `consulta` (`id`, `consulta`, `email`, `titulo`) VALUES
(1, 'Funciona', 'davidapariciosir@gmail.com', 'Funciona');

-- --------------------------------------------------------

--
-- Estructura de tabla para la tabla `detalle`
--

CREATE TABLE `detalle` (
  `id` int(11) NOT NULL,
  `pedido_id` int(11) NOT NULL,
  `producto_id` int(11) NOT NULL,
  `unidades` int(11) DEFAULT NULL,
  `preciounidad` double DEFAULT NULL,
  `impuesto` double DEFAULT NULL,
  `total` double DEFAULT NULL
) ENGINE=InnoDB DEFAULT CHARSET=utf8mb4 COLLATE=utf8mb4_general_ci;

--
-- Volcado de datos para la tabla `detalle`
--

INSERT INTO `detalle` (`id`, `pedido_id`, `producto_id`, `unidades`, `preciounidad`, `impuesto`, `total`) VALUES
(1, 1, 1, 2, 10, 21, 20),
(1, 5, 1, 1, 10, 21, 10),
(1, 6, 1, 1, 10, 21, 10),
(1, 9, 3, 2, 30, 21, 60),
(1, 10, 3, 2, 30, 21, 60),
(1, 11, 1, 1, 10, 21, 10),
(1, 12, 3, 2, 30, 21, 60),
(1, 13, 3, 2, 30, 21, 60),
(1, 14, 3, 1, 30, 21, 30),
(2, 1, 2, 1, 20, 21, 20),
(2, 5, 2, 1, 20, 21, 20),
(2, 11, 3, 2, 30, 21, 60),
(3, 2, 1, 3, 10, 21, 30),
(3, 5, 3, 1, 30, 21, 30),
(4, 2, 2, 2, 20, 21, 40),
(5, 3, 1, 1, 10, 21, 10),
(6, 4, 2, 1, 20, 21, 20);

-- --------------------------------------------------------

--
-- Estructura de tabla para la tabla `estado`
--

CREATE TABLE `estado` (
  `abreviatura` varchar(255) NOT NULL,
  `nombre` varchar(255) DEFAULT NULL
) ENGINE=InnoDB DEFAULT CHARSET=utf8mb4 COLLATE=utf8mb4_general_ci;

--
-- Volcado de datos para la tabla `estado`
--

INSERT INTO `estado` (`abreviatura`, `nombre`) VALUES
('C', 'Cancelado'),
('E', 'Enviado'),
('PC', 'Pendiente Cancelar'),
('PE', 'Pendiente Enviar');

-- --------------------------------------------------------

--
-- Estructura de tabla para la tabla `pedido`
--

CREATE TABLE `pedido` (
  `id` int(11) NOT NULL,
  `usuario_id` int(11) DEFAULT NULL,
  `fecha` datetime DEFAULT current_timestamp(),
  `metodopago` enum('tarjeta','paypal') DEFAULT NULL,
  `num_factura` varchar(255) DEFAULT NULL,
  `total` double DEFAULT NULL,
  `estado` varchar(255) DEFAULT NULL,
  `metodo_pago` varchar(255) DEFAULT NULL
) ENGINE=InnoDB DEFAULT CHARSET=utf8mb4 COLLATE=utf8mb4_general_ci;

--
-- Volcado de datos para la tabla `pedido`
--

INSERT INTO `pedido` (`id`, `usuario_id`, `fecha`, `metodopago`, `num_factura`, `total`, `estado`, `metodo_pago`) VALUES
(1, 1, '2023-05-02 09:30:51', 'tarjeta', '1', 40, 'E', NULL),
(2, 1, '2023-05-03 12:24:27', 'tarjeta', '2', 70, 'E', NULL),
(3, 2, '2023-05-10 22:57:15', 'tarjeta', '4', 10, 'E', NULL),
(4, 3, '2023-05-10 23:13:39', 'tarjeta', '0', 20, 'C', NULL),
(5, 3, '2023-05-16 11:39:55', 'tarjeta', '3', 60, 'E', NULL),
(6, 3, '2023-05-16 11:46:24', 'tarjeta', '0', 10, 'C', NULL),
(7, 3, '2023-05-16 11:57:13', 'tarjeta', '0', 0, 'C', NULL),
(8, 3, '2023-05-16 11:59:18', 'tarjeta', '0', 0, 'C', NULL),
(9, 3, '2023-05-16 12:00:56', 'tarjeta', '0', 0, 'C', NULL),
(10, 3, '2023-05-16 12:01:56', 'tarjeta', '0', 0, 'C', NULL),
(11, 3, '2023-05-16 12:06:47', 'tarjeta', '0', 10, 'C', NULL),
(12, 3, '2023-05-16 12:10:40', 'tarjeta', '0', 60, 'PE', NULL),
(13, 3, '2023-05-16 12:28:05', 'tarjeta', '0', 60, 'PE', NULL),
(14, 3, '2023-05-16 12:33:29', 'tarjeta', '0', 30, 'C', NULL);

-- --------------------------------------------------------

--
-- Estructura de tabla para la tabla `producto`
--

CREATE TABLE `producto` (
  `id` int(11) NOT NULL,
  `nombre` varchar(255) DEFAULT NULL,
  `descripcion` varchar(255) DEFAULT NULL,
  `precio` double DEFAULT NULL,
  `stock` int(11) DEFAULT NULL,
  `impuesto` double DEFAULT NULL,
  `baja` tinyint(1) DEFAULT NULL,
  `fechaAlta` timestamp NOT NULL DEFAULT current_timestamp() ON UPDATE current_timestamp(),
  `id_categoria` int(11) DEFAULT NULL,
  `imagen` blob NOT NULL,
  `cantidad` int(11) NOT NULL
) ENGINE=InnoDB DEFAULT CHARSET=utf8mb4 COLLATE=utf8mb4_general_ci;

--
-- Volcado de datos para la tabla `producto`
--

INSERT INTO `producto` (`id`, `nombre`, `descripcion`, `precio`, `stock`, `impuesto`, `baja`, `fechaAlta`, `id_categoria`, `imagen`, `cantidad`) VALUES
(1, 'producto1', 'producto1', 10, 20, 21, 0, '2023-05-16 10:10:10', 1, 0x89504e470d0a1a0a0000000d494844520000010a000000be0803000000fa39b12c0000012c504c5445efd4b0cc7f53ffffffd5a380a7b9b3aebbc0bdcfcdfff6d5ba9d87cd7b4da6bbb6abbdc3d6a27eaebbc1d8a17bd8a17aa4bdb9f6e4cbd9936ccf8459bed1ceb7cfd0f2d4aeaabab9dc9c79f2debfb2b9b9ca7f56a9bec5ce7a4acb845bffffe4c2afa1caaa94b7c7c7f2dcb9d2a585c7ac99bcb3abb4b8b6cda88fd1d1c2fcf8f3e8d4b5c0b1a5eaccaaf3ddbaf9e9c7f7ece4e0d3bae2d3b8d5d2c0c6d0c8dead8af0d7c5e3ba9ee9c8b2f2ded0b4a595b0ab9effffe8fdf1d0fffeddecc49fdac3afbd6946b45236e8c3a9ebece9c4c8c7dde0ddd3d9daf6e6dbedd1beccc2babb9a83c48662adafa5c28d6dc2957aa76c648d3a2e751f19934d41c19385892200a16959c69d907d2f27af8478894944832111a1736a893829996050853e36892a15760000aa3725b95b39cbe5d23400000ed949444154789ced9d6b5bdbc61685858d11602147514a0831c8170cc410301413d26215081038b4694238212e9ca485ffff1fce5c2459b6663423697473ba3fb414cce3d1cbda6b5f24a854483eda6f0fde740f2eda29bcb55f48c9be5d0752a854946251518b6f2e3bc9bebb7f2486a2ddd93fe82aaa5a0418ec502ac5776f33238e2450b4a1162a15d505c18d232be2881b05d402108342c4e0d0e8bec98038e2430132e25d97a605128eb48d341614ed0b4041a9f84a812c8efd147345388af6e53b5642f8e2281ea4952b0251b44f4fcff6f6ceeac54a480e160d3525231583a27d7a3ed568cc95e64aa552b9bcd68a4e2305238d8ce2f4f4fcfdf372b9549a831c7094ab6bb51585d330a93c9236d2282880161a6780819b8243a3bcb81a35558ac5448d34248af6c5c1abeab014bc0152a5b6a2461587524c481cc151d86384525f2dc1c4f00d4b1c6a341ac918692014edb797ddaef3630666b0525be4a0515aacadab118d5451bb718f2b9c28ac31c2d32e803e6a7d930347b5bcda8a9a2bb0ae1cc4280e0e143823a89701a6cd95d66aa9ca912b9beb95a8e288d148fd51000a5d8216bc47ac54566a6b4ceb28c39e438091c6536569285046041a2354982b6b09196945112f0e128a0b385887192380b91539eb4a6423852d9858231d46d18614544821f43181b9adb438720518693db2910addfb382840ebf8be71d65a89686cf888155066b972655344951534ae4014edf6fbf346a90c3ac7b972b5043239aab1611c6a7d95a7eb80e34a44fcaa9071453a3fdb8314060df41c3c5de44c4634709965d79512683aa21aa912d948a546035dffd0e1e6f0e9c488833b57228b03e44a94bd8f3435f5ecd9548374baeae2ea7ad4aa67e150795ad2aa80e90d1b69381c008515041ce0f4e074958a001a7c2da988a623f4b832403105c4d1184d15280e7146cad99282ba1271ef03c795cb8bf0282c71907008a87a3854aef10de0476a8cf286b0dd0b66a41e14e45c992b0bd9c3a033aa5c2d2974eeba12ed0d1538ae70e70a11c533b293a25c59e1bdc9e31b2a5fae54d7a2e70a77474a44e1ca959164817b98c8a3b675c64a11e40adb484b6b519b0e856f5cf143613be96854458cdad619d516bb2515e1dc0a7b81ee8f02d120e09813326ae33356e0f85666a80395f588ce8dc7157aae3051d8c9e2a1813b4431e250b9ea0acc95c8e2a01ba9b4b7f7d34f3c2cc85d47158f0f628c94675ea98ae8c12ac42a2b49d2c6ceab291e1ccf48e2b03a445548aec015fa1a8f91465f9256bce29050cc6fecec71e1a00c2ce087558b5af5ec33567866fbe81b74f046ca7fdeb73d28008c7969e367ee5c21e0b0aa5ea2f3ca66c85c011a06ef00e7e5f2d9d9697b0405e621c15ce1a16197594fd7013bc4b00f57b8718061967dbba90c97a441c4010cbaa2acd457617757466787ff689c9f7a502075a05c098063c449e15d7451f34a912357ca9cce0d205456d6a116aad591ed0cbc84b3f3f6280a2c8e5dde5c99a2e64a514cae28b0e9e0baa1a0d2ee54402900aa352c05f2fd6ef0e933120a6c1d3baf9e711a29c94985cef6eb3c4b52921a81ed20292c0229943d9d80a58952e9f9f3c9c9c93da9498101c5c16da453a49654448768d3c046ca14876b49aa426fac6f420a659a12c0e721041c7b5410b63a76f99a0e601c04279d13d1215a38405de1b9515d2ed5c0bbadd46bab8b70b3e02785018649862a5c46ca8983dc75c00eb125645e0146cad391825754692f8252000c8629f0a29082351d285946c461cdf662724501559679dbde87022df850601cdcb94219eed16c2fa02585bd015c83058150f22644781476aef0361d53042745b3bd905c81e258e381c1904268140807c815be2a8bd5317a34982c9bebc5a04f3d8fa2004545d9e491c22c0f867028308e2046ea75d232bcfbb31ef666186a1b41c344370c4c8197018cd9274fc2a19082361de432bbda0ab6d1c66de33a6e1b2327841bc3e4af57bf2f84458170043052a293a2450cd7380598a9a059d8045aa8ce517a051e6f1c810029fc31fd616269696622120a29e0f446cc15f428a3ef22064b6175d199268914024a016a61f68f5f3efc3e0328a0888ac2c2f133775d21e328139f0957145b0af4b631a0373a14267ff97379c9a6200c05c2c13dbd4d91771dd6ac6da9039a828a9a67ea0411c21b071480168630884421053352b42625a803741db04a22084c2904a460dbe38497826814080730526e1c9481656db15aa5d6c90814803d12b4101b0a2970474abcfd468610c21b51007b9cfe7379c687424c28108d20464ab91be99542306f1c9080f6c8c08051bc108f02e39076f98d948a03364ce1b4e042c1c6102b0a842358473a3cdce37c880421288a18126408c77c9095317652611402a28851150e0efedb2b104723d41583269a6c2699422105eb4803a340a3c42f57cbd3441659438170487cd35b2014a86f9afe80aa447e504856d3c1a2c18bc21aa896ed52992f1418c7ae7fae70a040dd23182586bac7fca14038367c8c9481021b036194c8270a8c83220e2a8a59cb1828a34444144fd34321d176a44414c818a647770ce383422276a4a32870ad843b06ff5122ef28308ea171c58dc23f2584a248d12b86c355651b030cb05632a7ebfca1d862bd00ee7da0381a90c2ece4af577ec6201e457209d23339063fd49f379e7877b0e384625b9665ae17cecf4f2c73ad5af28aa20948c8bdd73c2f7dbd1402438e50c828b6795e3ade285ef7300a99e7cd5e87498edca0d8964d8b0587758eb52a9ab2f9d1d6c50f8ea2279bf72d0b45ef874601eaa8d9bab25384699d638c620b02d03e1d5a284c56d739c6281000e3fbbe2d0b965d8c2f0acb2ff7af774c938b8570142f3382625bdec079b1f1e9f3cd2e2eaafed639b6aa90b5ff5a2e6168b52fd73706fcd0d72ec655153de012b213c6e1973ed485ef903a9eaa780debe8c723d905e35a63d9c578a240f3e8d1176380c2bcbd65d9c578a2c042f8bae362a17d36189dd66fe3388e6d5b577fdd7f613834ae5983d938aaa269371246ebafbb6f350cc370ac83f66dc25591810a221fd9576d9adace479c1966ad6ff80f666388625b3eba779a6d593eece3894cfb6ae70ac52ec60f45d394b5ffb9fc52ee5da31efcf0f3bead1572a7951e0a2d2614f0aa3ff55c288c6f3be8dfb52ffe83d9d8a180a3b97973e5ca10b9853a4dd07eb66cb110ed62ec504838278e0e0728b4ef1881f6f5c6de7592ec62fc5048b8a1fadedab5afdbf86aa7cacddd8d863f49b08bdf521bc76243811a2c63e7e6dbdf7dcb269d96c2d46effeef74cb25d70a842cf190a6b69631a873756b37d74ef5414d3b8bdbb442c3c77ccd8aad01f885797611492533beeebd830ef5c266a6aff6844bb60a9423f7e207f21cb285ed897bdff17ee34affaee21d51a5947ed8285e2f8849c1f994661ef35e5c33bbca5303ef78d4179b544322a0b4682e80f1412d94661a788796f19a6d1bf6e3930ac9e6bf47b18aa383ea67d25db28b6acab3eeadb0555bbbf763aacdb16a99cb250047e428f13851e2f0a67653198460cad7f7d84c1c021dedb70faa3d01f071f9f084511b32a6cbb30bebba61143b359c8a40d0e03857dfda0908c5c634414cb71a3c07661ded4ddd3480fd751522965a3b05cd35b48328f0257d4c13d534466da9ed308dfd0f5476115104221c97a82582962f46fddbb8b7d6b32236d2c18282c31100a49e65561a7c8b72fbd418e1c925b0a0e14368213ef977280a289cdb2f54fbf672bc33ca2a50703c54b3b2f06281cf7c8010aaba29a46ebfa5e73bb2779b9e98302540dddbefec1a7ecafe60185dd809b72ebae3560415979d351e8278fbaf3a1f581ab90e4028533a39af2f7c11d54ca4d211a8aa146c2ce8a97ae42920f145bcef56b778cdd3f0d85fee86e2448858486828f445228ec061cce609732b5a5f041a13f1ebb1b095221898822ee19c409a7f1b69fd5a3de33a5a862a8b9b4f34217882229550cec62ff93e1971e3414ee4cd01dafcc270a67a5e59f1e1c28f493634f21c9158a815dd03a6e1c4d85ec158e10dcab4ddd9d36f94121b948f83da34741e1b8c3502179c8270a89273da8aac0173d52481e8f5dff9127144e77e1f79c7753251ed44e85e12dc5d0a49e27148e5df8bda6a99254a19fe0cf3e1ebb3e773cbcb3c8150aabbbf0fdfd18a22af4070bc1502119d963e5a5c5b2ae93951ee02515ef295dd3a7b3e57df93033b2c7ca972aa42d93f5b43b118573d14e2121dc23cb190a699bf59bb714db1c46a13f3e7a48e42c4140b09efdf24761cd5f2f49f74df3a60a663417fc7e720f6e207c2866c712855d48f447d23a26228ae4138415cda7d4c30e0a09f11ef20f8562b0c67c247cf94742e10a9259fc9828fe5585736ae2d35834149ccf81e612857e721c04051f893ca2000329f9e74c413139be2826489de658a2d862a208f8845e7e5134397fd58b1b458ebd42348a00aa984ffbe28743bc2ab88b69a1d0d162feabcd81628b660561514c064001a2adbd9032a28eb451401a9d6cb8460650c0e8682f52d786701441bc6228da9d94ffeae4565812c2516071a4e8a34de12838bf9d88028ae3222d718847114515a98a239328d211475651201f4db61fcd966d7a7168c989a319f6978f934181c5918c73a486628217051647337e1cf94051403eda8cd73a72830246bca9922b149638621a65f386a2807d743e061a3944817068e29d23a728b038b684d2c82f0a4b1c0259e41a05a471a1894a15d12838b658334b4b4bfa822014303a6216a489aa620652785a3c78db691704a2280811c77cd8bffa135415f0ff44a32fbcb9ecd887178ba2807c34d282743efe0481529858787370d1193ab9701408c745781aa1ffef073c28669014ba201f08a78e054521c2241b170a3b1f2edab423c78502e108932a31a040d6d83db8685329c48ea210461ca25134d654723e248d0246b00e2cf4dfa3f5a2d8db3b3f3df557823b12405108240e11aa783eb9777ece48076f24830246874f1ca1ff9a2046d1684c9d0750823b924351c0f71258461a4e15c81aebef3ba7114e97280a186092f5574540141082be005a8570527045e2280a0c71044081e78777fb9dc81450a481a2e0f73407170a2c05bf7e2944a4840206b9c83250e0f981d23a478b145114b038e67951a0ad822a2c1f3c912e0a1823e220fda102677e88f520e9a3280c3dead31c46814649940f3149c115994001a38dfb5107059ea717403e247582cca028a01d98d4accc58ab46c1f5811d594201a37da03fed5eb2e6e958e2ff75c3292f8990c8f10000000049454e44ae426082, 0),
(2, 'producto2', 'producto2', 20, 20, 21, 0, '2023-05-16 10:10:22', 2, 0x89504e470d0a1a0a0000000d494844520000010a000000be0803000000fa39b12c0000012c504c5445efd4b0cc7f53ffffffd5a380a7b9b3aebbc0bdcfcdfff6d5ba9d87cd7b4da6bbb6abbdc3d6a27eaebbc1d8a17bd8a17aa4bdb9f6e4cbd9936ccf8459bed1ceb7cfd0f2d4aeaabab9dc9c79f2debfb2b9b9ca7f56a9bec5ce7a4acb845bffffe4c2afa1caaa94b7c7c7f2dcb9d2a585c7ac99bcb3abb4b8b6cda88fd1d1c2fcf8f3e8d4b5c0b1a5eaccaaf3ddbaf9e9c7f7ece4e0d3bae2d3b8d5d2c0c6d0c8dead8af0d7c5e3ba9ee9c8b2f2ded0b4a595b0ab9effffe8fdf1d0fffeddecc49fdac3afbd6946b45236e8c3a9ebece9c4c8c7dde0ddd3d9daf6e6dbedd1beccc2babb9a83c48662adafa5c28d6dc2957aa76c648d3a2e751f19934d41c19385892200a16959c69d907d2f27af8478894944832111a1736a893829996050853e36892a15760000aa3725b95b39cbe5d23400000ed949444154789ced9d6b5bdbc61685858d11602147514a0831c8170cc410301413d26215081038b4694238212e9ca485ffff1fce5c2459b6663423697473ba3fb414cce3d1cbda6b5f24a854483eda6f0fde740f2eda29bcb55f48c9be5d0752a854946251518b6f2e3bc9bebb7f2486a2ddd93fe82aaa5a0418ec502ac5776f33238e2450b4a1162a15d505c18d232be2881b05d402108342c4e0d0e8bec98038e2430132e25d97a605128eb48d341614ed0b4041a9f84a812c8efd147345388af6e53b5642f8e2281ea4952b0251b44f4fcff6f6ceeac54a480e160d3525231583a27d7a3ed568cc95e64aa552b9bcd68a4e2305238d8ce2f4f4fcfdf372b9549a831c7094ab6bb51585d330a93c9236d2282880161a6780819b8243a3bcb81a35558ac5448d34248af6c5c1abeab014bc0152a5b6a2461587524c481cc151d86384525f2dc1c4f00d4b1c6a341ac918692014edb797ddaef3630666b0525be4a0515aacadab118d5451bb718f2b9c28ac31c2d32e803e6a7d930347b5bcda8a9a2bb0ae1cc4280e0e143823a89701a6cd95d66aa9ca912b9beb95a8e288d148fd51000a5d8216bc47ac54566a6b4ceb28c39e438091c6536569285046041a2354982b6b09196945112f0e128a0b385887192380b91539eb4a6423852d9858231d46d18614544821f43181b9adb438720518693db2910addfb382840ebf8be71d65a89686cf888155066b972655344951534ae4014edf6fbf346a90c3ac7b972b5043239aab1611c6a7d95a7eb80e34a44fcaa9071453a3fdb8314060df41c3c5de44c4634709965d79512683aa21aa912d948a546035dffd0e1e6f0e9c488833b57228b03e44a94bd8f3435f5ecd9548374baeae2ea7ad4aa67e150795ad2aa80e90d1b69381c008515041ce0f4e074958a001a7c2da988a623f4b832403105c4d1184d15280e7146cad99282ba1271ef03c795cb8bf0282c71907008a87a3854aef10de0476a8cf286b0dd0b66a41e14e45c992b0bd9c3a033aa5c2d2974eeba12ed0d1538ae70e70a11c533b293a25c59e1bdc9e31b2a5fae54d7a2e70a77474a44e1ca959164817b98c8a3b675c64a11e40adb484b6b519b0e856f5cf143613be96854458cdad619d516bb2515e1dc0a7b81ee8f02d120e09813326ae33356e0f85666a80395f588ce8dc7157aae3051d8c9e2a1813b4431e250b9ea0acc95c8e2a01ba9b4b7f7d34f3c2cc85d47158f0f628c94675ea98ae8c12ac42a2b49d2c6ceab291e1ccf48e2b03a445548aec015fa1a8f91465f9256bce29050cc6fecec71e1a00c2ce087558b5af5ec33567866fbe81b74f046ca7fdeb73d28008c7969e367ee5c21e0b0aa5ea2f3ca66c85c011a06ef00e7e5f2d9d9697b0405e621c15ce1a16197594fd7013bc4b00f57b8718061967dbba90c97a441c4010cbaa2acd457617757466787ff689c9f7a502075a05c098063c449e15d7451f34a912357ca9cce0d205456d6a116aad591ed0cbc84b3f3f6280a2c8e5dde5c99a2e64a514cae28b0e9e0baa1a0d2ee54402900aa352c05f2fd6ef0e933120a6c1d3baf9e711a29c94985cef6eb3c4b52921a81ed20292c0229943d9d80a58952e9f9f3c9c9c93da9498101c5c16da453a49654448768d3c046ca14876b49aa426fac6f420a659a12c0e721041c7b5410b63a76f99a0e601c04279d13d1215a38405de1b9515d2ed5c0bbadd46bab8b70b3e02785018649862a5c46ca8983dc75c00eb125645e0146cad391825754692f8252000c8629f0a29082351d285946c461cdf662724501559679dbde87022df850601cdcb94219eed16c2fa02585bd015c83058150f22644781476aef0361d53042745b3bd905c81e258e381c1904268140807c815be2a8bd5317a34982c9bebc5a04f3d8fa2004545d9e491c22c0f867028308e2046ea75d232bcfbb31ef666186a1b41c344370c4c8197018cd9274fc2a19082361de432bbda0ab6d1c66de33a6e1b2327841bc3e4af57bf2f84458170043052a293a2450cd7380598a9a059d8045aa8ce517a051e6f1c810029fc31fd616269696622120a29e0f446cc15f428a3ef22064b6175d199268914024a016a61f68f5f3efc3e0328a0888ac2c2f133775d21e328139f0957145b0af4b631a0373a14267ff97379c9a6200c05c2c13dbd4d91771dd6ac6da9039a828a9a67ea0411c21b071480168630884421053352b42625a803741db04a22084c2904a460dbe38497826814080730526e1c9481656db15aa5d6c90814803d12b4101b0a2970474abcfd468610c21b51007b9cfe7379c687424c28108d20464ab91be99542306f1c9080f6c8c08051bc108f02e39076f98d948a03364ce1b4e042c1c6102b0a842358473a3cdce37c880421288a18126408c77c9095317652611402a28851150e0efedb2b104723d41583269a6c2699422105eb4803a340a3c42f57cbd3441659438170487cd35b2014a86f9afe80aa447e504856d3c1a2c18bc21aa896ed52992f1418c7ae7fae70a040dd23182586bac7fca14038367c8c9481021b036194c8270a8c83220e2a8a59cb1828a34444144fd34321d176a44414c818a647770ce383422276a4a32870ad843b06ff5122ef28308ea171c58dc23f2584a248d12b86c355651b030cb05632a7ebfca1d862bd00ee7da0381a90c2ece4af577ec6201e457209d23339063fd49f379e7877b0e384625b9665ae17cecf4f2c73ad5af28aa20948c8bdd73c2f7dbd1402438e50c828b6795e3ade285ef7300a99e7cd5e87498edca0d8964d8b0587758eb52a9ab2f9d1d6c50f8ea2279bf72d0b45ef874601eaa8d9bab25384699d638c620b02d03e1d5a284c56d739c6281000e3fbbe2d0b965d8c2f0acb2ff7af774c938b8570142f3382625bdec079b1f1e9f3cd2e2eaafed639b6aa90b5ff5a2e6168b52fd73706fcd0d72ec655153de012b213c6e1973ed485ef903a9eaa780debe8c723d905e35a63d9c578a240f3e8d1176380c2bcbd65d9c578a2c042f8bae362a17d36189dd66fe3388e6d5b577fdd7f613834ae5983d938aaa269371246ebafbb6f350cc370ac83f66dc25591810a221fd9576d9adace479c1966ad6ff80f666388625b3eba779a6d593eece3894cfb6ae70ac52ec60f45d394b5ffb9fc52ee5da31efcf0f3bead1572a7951e0a2d2614f0aa3ff55c288c6f3be8dfb52ffe83d9d8a180a3b97973e5ca10b9853a4dd07eb66cb110ed62ec504838278e0e0728b4ef1881f6f5c6de7592ec62fc5048b8a1fadedab5afdbf86aa7cacddd8d863f49b08bdf521bc76243811a2c63e7e6dbdf7dcb269d96c2d46effeef74cb25d70a842cf190a6b69631a873756b37d74ef5414d3b8bdbb442c3c77ccd8aad01f885797611492533beeebd830ef5c266a6aff6844bb60a9423f7e207f21cb285ed897bdff17ee34affaee21d51a5947ed8285e2f8849c1f994661ef35e5c33bbca5303ef78d4179b544322a0b4682e80f1412d94661a788796f19a6d1bf6e3930ac9e6bf47b18aa383ea67d25db28b6acab3eeadb0555bbbf763aacdb16a99cb250047e428f13851e2f0a67653198460cad7f7d84c1c021dedb70faa3d01f071f9f084511b32a6cbb30bebba61143b359c8a40d0e03857dfda0908c5c634414cb71a3c07661ded4ddd3480fd751522965a3b05cd35b48328f0257d4c13d534466da9ed308dfd0f5476115104221c97a82582962f46fddbb8b7d6b32236d2c18282c31100a49e65561a7c8b72fbd418e1c925b0a0e14368213ef977280a289cdb2f54fbf672bc33ca2a50703c54b3b2f06281cf7c8010aaba29a46ebfa5e73bb2779b9e98302540dddbefec1a7ecafe60185dd809b72ebae3560415979d351e8278fbaf3a1f581ab90e4028533a39af2f7c11d54ca4d211a8aa146c2ce8a97ae42920f145bcef56b778cdd3f0d85fee86e2448858486828f445228ec061cce609732b5a5f041a13f1ebb1b095221898822ee19c409a7f1b69fd5a3de33a5a862a8b9b4f34217882229550cec62ff93e1971e3414ee4cd01dafcc270a67a5e59f1e1c28f493634f21c9158a815dd03a6e1c4d85ec158e10dcab4ddd9d36f94121b948f83da34741e1b8c3502179c8270a89273da8aac0173d52481e8f5dff9127144e77e1f79c7753251ed44e85e12dc5d0a49e27148e5df8bda6a99254a19fe0cf3e1ebb3e773cbcb3c8150aabbbf0fdfd18a22af4070bc1502119d963e5a5c5b2ae93951ee02515ef295dd3a7b3e57df93033b2c7ca972aa42d93f5b43b118573d14e2121dc23cb190a699bf59bb714db1c46a13f3e7a48e42c4140b09efdf24761cd5f2f49f74df3a60a663417fc7e720f6e207c2866c712855d48f447d23a26228ae4138415cda7d4c30e0a09f11ef20f8562b0c67c247cf94742e10a9259fc9828fe5585736ae2d35834149ccf81e612857e721c04051f893ca2000329f9e74c413139be2826489de658a2d862a208f8845e7e5134397fd58b1b458ebd42348a00aa984ffbe28743bc2ab88b69a1d0d162feabcd81628b660561514c064001a2adbd9032a28eb451401a9d6cb8460650c0e8682f52d786701441bc6228da9d94ffeae4565812c2516071a4e8a34de12838bf9d88028ae3222d718847114515a98a239328d211475651201f4db61fcd966d7a7168c989a319f6978f934181c5918c73a486628217051647337e1cf94051403eda8cd73a72830246bca9922b149638621a65f386a2807d743e061a3944817068e29d23a728b038b684d2c82f0a4b1c0259e41a05a471a1894a15d12838b658334b4b4bfa822014303a6216a489aa620652785a3c78db691704a2280811c77cd8bffa135415f0ff44a32fbcb9ecd887178ba2807c34d282743efe0481529858787370d1193ab9701408c745781aa1ffef073c28669014ba201f08a78e054521c2241b170a3b1f2edab423c78502e108932a31a040d6d83db8685329c48ea210461ca25134d654723e248d0246b00e2cf4dfa3f5a2d8db3b3f3df557823b12405108240e11aa783eb9777ece48076f24830246874f1ca1ff9a2046d1684c9d0750823b924351c0f71258461a4e15c81aebef3ba7114e97280a186092f5574540141082be005a8570527045e2280a0c71044081e78777fb9dc81450a481a2e0f73407170a2c05bf7e2944a4840206b9c83250e0f981d23a478b145114b038e67951a0ad822a2c1f3c912e0a1823e220fda102677e88f520e9a3280c3dead31c46814649940f3149c115994001a38dfb5107059ea717403e247582cca028a01d98d4accc58ab46c1f5811d594201a37da03fed5eb2e6e958e2ff75c3292f8990c8f10000000049454e44ae426082, 0),
(3, 'producto3', 'producto3', 30, 1, 21, 0, '2023-05-16 10:50:13', 1, '', 0);

-- --------------------------------------------------------

--
-- Estructura de tabla para la tabla `rol`
--

CREATE TABLE `rol` (
  `id` int(11) NOT NULL,
  `nombre` varchar(255) DEFAULT NULL
) ENGINE=InnoDB DEFAULT CHARSET=utf8mb4 COLLATE=utf8mb4_general_ci;

--
-- Volcado de datos para la tabla `rol`
--

INSERT INTO `rol` (`id`, `nombre`) VALUES
(1, 'Administrador'),
(2, 'Usuario'),
(3, 'Empleado');

-- --------------------------------------------------------

--
-- Estructura de tabla para la tabla `usuario`
--

CREATE TABLE `usuario` (
  `id` int(11) NOT NULL,
  `rol_id` int(11) DEFAULT NULL,
  `email` varchar(255) DEFAULT NULL,
  `clave` varchar(255) DEFAULT NULL,
  `nombre` varchar(255) DEFAULT NULL,
  `apellidos` varchar(255) DEFAULT NULL,
  `baja` tinyint(1) DEFAULT NULL,
  `fechaAlta` timestamp NOT NULL DEFAULT current_timestamp() ON UPDATE current_timestamp()
) ENGINE=InnoDB DEFAULT CHARSET=utf8mb4 COLLATE=utf8mb4_general_ci;

--
-- Volcado de datos para la tabla `usuario`
--

INSERT INTO `usuario` (`id`, `rol_id`, `email`, `clave`, `nombre`, `apellidos`, `baja`, `fechaAlta`) VALUES
(1, 1, 'davidapariciosir@gmail.com', '0cIJ3O2rVDWFNNT9BMDbyx569thYn5Rxgf+zAYupb5IFcBd2kodzQoBkUKYOnsl4', 'David', 'Aparicio Sir', 0, '2023-05-15 07:16:31'),
(2, 2, 'pepe@pp.es', 'EfymHUMbOIJd3CCUNPpbncHaOt3hFIrgOvjfebUr2aDU+73nCjginMKnDIraQip1', 'pp', 'pp', 1, '2023-05-15 08:00:19'),
(3, 2, 'ruli@ruli', 'kAErKqtvmZ1rmpZB3JISvDSJkM9+Bxlf/nQjXSkaTb4ElauzlT1q0fGjiDSFN9N4', 'ruli', 'ruli', 0, '2023-05-15 07:17:39'),
(4, 3, 'empleado1', 'jBhd+z2GLqabAUIYL9rEb1Yi+OzXzo030MKeoDt6upFc6uz062xckDXV7Pd8LIng', 'empleado1', 'empleado1', 0, '2023-05-15 08:12:41');

--
-- Índices para tablas volcadas
--

--
-- Indices de la tabla `categoria`
--
ALTER TABLE `categoria`
  ADD PRIMARY KEY (`id`);

--
-- Indices de la tabla `configuracion`
--
ALTER TABLE `configuracion`
  ADD PRIMARY KEY (`cif`);

--
-- Indices de la tabla `consulta`
--
ALTER TABLE `consulta`
  ADD PRIMARY KEY (`id`);

--
-- Indices de la tabla `detalle`
--
ALTER TABLE `detalle`
  ADD PRIMARY KEY (`id`,`pedido_id`,`producto_id`),
  ADD KEY `pedido_id` (`pedido_id`),
  ADD KEY `producto_id` (`producto_id`);

--
-- Indices de la tabla `estado`
--
ALTER TABLE `estado`
  ADD PRIMARY KEY (`abreviatura`);

--
-- Indices de la tabla `pedido`
--
ALTER TABLE `pedido`
  ADD PRIMARY KEY (`id`),
  ADD KEY `FKh5ftrk87n19er4sbyebnu2nuj` (`usuario_id`),
  ADD KEY `FKn2jju9i39cajlpbwfg5h54qmp` (`estado`);

--
-- Indices de la tabla `producto`
--
ALTER TABLE `producto`
  ADD PRIMARY KEY (`id`),
  ADD KEY `FKe23qv4kei1euwe47leukv13nl` (`id_categoria`);

--
-- Indices de la tabla `rol`
--
ALTER TABLE `rol`
  ADD PRIMARY KEY (`id`);

--
-- Indices de la tabla `usuario`
--
ALTER TABLE `usuario`
  ADD PRIMARY KEY (`id`),
  ADD KEY `FK1v1biusy9gsnms5f0fjhqag68` (`rol_id`);

--
-- AUTO_INCREMENT de las tablas volcadas
--

--
-- AUTO_INCREMENT de la tabla `categoria`
--
ALTER TABLE `categoria`
  MODIFY `id` int(11) NOT NULL AUTO_INCREMENT, AUTO_INCREMENT=5;

--
-- AUTO_INCREMENT de la tabla `consulta`
--
ALTER TABLE `consulta`
  MODIFY `id` int(11) NOT NULL AUTO_INCREMENT, AUTO_INCREMENT=2;

--
-- AUTO_INCREMENT de la tabla `detalle`
--
ALTER TABLE `detalle`
  MODIFY `id` int(11) NOT NULL AUTO_INCREMENT, AUTO_INCREMENT=8;

--
-- AUTO_INCREMENT de la tabla `pedido`
--
ALTER TABLE `pedido`
  MODIFY `id` int(11) NOT NULL AUTO_INCREMENT, AUTO_INCREMENT=15;

--
-- AUTO_INCREMENT de la tabla `producto`
--
ALTER TABLE `producto`
  MODIFY `id` int(11) NOT NULL AUTO_INCREMENT, AUTO_INCREMENT=4;

--
-- AUTO_INCREMENT de la tabla `rol`
--
ALTER TABLE `rol`
  MODIFY `id` int(11) NOT NULL AUTO_INCREMENT, AUTO_INCREMENT=4;

--
-- AUTO_INCREMENT de la tabla `usuario`
--
ALTER TABLE `usuario`
  MODIFY `id` int(11) NOT NULL AUTO_INCREMENT, AUTO_INCREMENT=5;

--
-- Restricciones para tablas volcadas
--

--
-- Filtros para la tabla `detalle`
--
ALTER TABLE `detalle`
  ADD CONSTRAINT `detalle_ibfk_1` FOREIGN KEY (`pedido_id`) REFERENCES `pedido` (`id`),
  ADD CONSTRAINT `detalle_ibfk_2` FOREIGN KEY (`producto_id`) REFERENCES `producto` (`id`);

--
-- Filtros para la tabla `pedido`
--
ALTER TABLE `pedido`
  ADD CONSTRAINT `FKh5ftrk87n19er4sbyebnu2nuj` FOREIGN KEY (`usuario_id`) REFERENCES `usuario` (`id`),
  ADD CONSTRAINT `FKn2jju9i39cajlpbwfg5h54qmp` FOREIGN KEY (`estado`) REFERENCES `estado` (`abreviatura`),
  ADD CONSTRAINT `pedido_ibfk_1` FOREIGN KEY (`usuario_id`) REFERENCES `usuario` (`id`);

--
-- Filtros para la tabla `producto`
--
ALTER TABLE `producto`
  ADD CONSTRAINT `FKe23qv4kei1euwe47leukv13nl` FOREIGN KEY (`id_categoria`) REFERENCES `categoria` (`id`),
  ADD CONSTRAINT `producto_ibfk_1` FOREIGN KEY (`id_categoria`) REFERENCES `categoria` (`id`);

--
-- Filtros para la tabla `usuario`
--
ALTER TABLE `usuario`
  ADD CONSTRAINT `FK1v1biusy9gsnms5f0fjhqag68` FOREIGN KEY (`rol_id`) REFERENCES `rol` (`id`),
  ADD CONSTRAINT `usuario_ibfk_1` FOREIGN KEY (`rol_id`) REFERENCES `rol` (`id`);
COMMIT;

/*!40101 SET CHARACTER_SET_CLIENT=@OLD_CHARACTER_SET_CLIENT */;
/*!40101 SET CHARACTER_SET_RESULTS=@OLD_CHARACTER_SET_RESULTS */;
/*!40101 SET COLLATION_CONNECTION=@OLD_COLLATION_CONNECTION */;
